metal,comparison,delta_pct,delta_pct_CI_lo,delta_pct_CI_hi,wilcoxon_p_exact,n_seeds
Cd,B_noisy_vs_A_clean,-54.923231212051306,-59.98501630933988,-49.86144611476273,9.5367431640625e-07,20
Cd,C_trainonly_vs_A_clean,1509.1158110953102,1405.5639850582947,1612.6676371323256,1.0,20
Pb,B_noisy_vs_A_clean,-3.710467697054335,-7.366297705086689,-0.05463768902198085,0.058258056640625,20
Pb,C_trainonly_vs_A_clean,639.7993788751584,578.4883836350324,701.1103741152843,1.9073486328125e-06,20
